notosanskharoshthi,1
londrinasolid,4
baloobhai2,1
shrikhand,1
xanhmono,2
librebarcode39text,1
almendradisplay,1
suezone,1
notosanshatran,1
seoulhangang,4
shizuru,1
zenkakugothicantique,5
jimnightshade,1
yujisyuku,1
loversquarrel,1
knewave,1
comforter,1
yomogi,1
vesperlibre,4
katibeh,1
imfellenglish,2
cabincondensed,4
dancingscript,1
rumraisin,1
crimsonpro,2
alumnisans,2
assistant,1
redactedscript,3
biorhymeexpanded,5
splinesans,1
oflsortsmillgoudytt,2
mrssheppards,1
marhey,1
trochut,3
creteround,2
wellfleet,1
grapenuts,1
biryani,7
scheherazadenew,2
sevillana,1
sassyfrass,1
notosanscuneiform,1
novaoval,1
offside,1
eater,1
notoserifthai,1
inika,2
ribeye,1
mplus1p,7
lexendmega,1
montserratsubrayada,2
lemonadavfbeta,1
mrssaintdelafield,1
dekko,1
truculenta,1
autourone,1
imfelldoublepica,2
frijole,1
grandhotel,1
calistoga,1
explora,1
stalemate,1
sharetech,1
averialibre,6
signikanegative,1
barlowsemicondensed,18
metalmania,1
sitara,4
bokor,1
notosanstaiviet,1
goblinone,1
ibmplexsansjp,7
cabinsketch,2
sreekrushnadevaraya,1
mukta,7
kumbhsans,1
laomuangkhong,1
lohitbengali,1
overlock,6
ruthie,1
anticslab,1
jejuhallasan,1
notoserifsc,1
tuffy,4
imbue,1
brygada1918,2
changaone,2
unbounded,1
bungeeshade,1
seoulnamsanvertical,1
kaiseiopti,3
habibi,1
balthazar,1
gochihand,1
lohitdevanagari,1
asap,2
averagesans,1
radley,2
aladin,1
eastseadokdo,1
notosansthaiui,1
albertsans,2
sairasemicondensed,9
grechenfuemen,1
cutive,1
teko,5
nixieone,1
notosanstamilsupplement,1
geostar,1
imfellfrenchcanonsc,1
cagliostro,1
zentokyozoo,1
playfairdisplay,2
anekdevanagari,1
hindvadodara,5
damion,1
diplomata,1
sriracha,1
abel,1
neucha,1
kottaone,1
lusitana,2
poetsenone,1
rubikpuddles,1
librebaskerville,3
seymourone,1
sacramento,1
kdamthmorpro,1
rubikiso,1
shipporiantiqueb1,1
notosansdisplay,2
hanuman,5
rock3d,1
pushster,1
notosansoriya,1
outfit,1
barlowcondensed,18
tourney,2
alexbrush,1
stylish,1
flamenco,2
playball,1
signikanegativesc,4
marcellussc,1
notosansphagspa,1
notosanslaolooped,1
langar,1
crimsontext,6
himelody,1
akshar,1
andadapro,2
palanquin,7
allerta,1
splinesansmono,2
islandmoments,1
moondance,1
notosanstc,1
ntr,1
brawler,2
gwendolyn,2
notoseriftoto,1
varela,1
carattere,1
mervalescript,1
passeroone,1
notosanssyriac,3
trykker,1
niramit,12
sofiasanssemicondensed,2
notoserifdisplay,2
romanesco,1
ooohbaby,1
delicioushandrawn,1
kronaone,1
laosanspro,1
luxuriousroman,1
all_fonts,3350
ledger,1
varelaround,1
voltaire,1
fleurdeleah,1
splash,1
bigshouldersstencildisplay,1
lemonada,1
rajdhani,5
srisakdi,2
peralta,1
fasterone,1
scopeone,1
moul,1
notosansthai,1
oxygen,3
murecho,1
buenard,2
kurale,1
figtree,2
notosanscanadianaboriginal,1
cantarell,4
codystar,2
manuale,2
notosansthailooped,9
cormorantgaramond,10
ovo,1
jejumyeongjo,1
fraunces,2
aoboshione,1
preahvihear,1
squadaone,1
brunoace,1
adventpro,2
pattaya,1
newscycle,2
roundedmplus1c,7
atomicage,1
nikukyu,1
purplepurse,1
alumnisansinlineone,2
chicle,1
notosansbhaiksuki,1
alkatra,1
mallanna,1
caladea,4
numans,1
encodesans,1
sofadione,1
notosansosmanya,1
waitingforthesunrise,1
farro,4
finlandica,2
comicneue,6
chauphilomeneone,2
alumnisanscollegiateone,2
denkone,1
notosanscypriot,1
squarepeg,1
redhatmono,2
notosansgurmukhi,1
thasadith,4
almendrasc,1
notosansmath,1
notoseriflao,1
notoserifnyiakengpuachuehmong,1
pirataone,1
caramel,1
blackhansans,1
lovelight,1
mina,2
notosansrunic,1
viaodalibre,1
lateef,7
intertight,2
rougescript,1
candal,1
gentiumbookplus,4
devonshire,1
gafata,1
notosansjavanese,1
notosansmendekikakui,1
cairoplay,1
kings,1
castoro,2
sairastencilone,1
hindjalandhar,5
hubballi,1
kiteone,1
notosanslinearb,1
stintultraexpanded,1
encodesanssc,1
englebert,1
prata,1
abeezee,2
chivomono,2
gudea,3
annieuseyourtelescope,1
hindkochi,5
krub,12
hanalei,1
alegreyasans,14
chakrapetch,12
mclaren,1
rambla,4
amiko,3
cinzel,1
mandali,1
nanummyeongjo,3
labrada,2
mako,1
gupter,3
benchnine,3
carlito,4
architectsdaughter,1
novacut,1
sedansc,1
strait,1
qwitchergrypen,2
firasans,18
ekmukta,7
notosansbengali,1
akayatelivigala,1
asset,1
dhyana,2
baumans,1
imfellgreatprimersc,1
sairaextracondensed,9
quicksand,1
bentham,1
creepster,1
dangrek,1
kalam,3
kulimpark,10
seoulhangangcondensed,5
jaldi,2
sarabun,16
armata,1
balootammudu2,1
fjordone,1
istokweb,4
edutasbeginner,1
notosanstangsa,1
quando,1
sigmar,1
bhutukaexpandedone,1
sourcecodepro,2
norican,1
cantataone,1
laila,5
indieflower,1
tulpenone,1
notosanslao,1
sansitaone,1
yaldevicolombo,6
inder,1
newrocker,1
cherish,1
notosansanatolianhieroglyphs,1
dawningofanewday,1
mashanzheng,1
abyssinicasil,1
martelsans,7
sora,1
firacode,1
martel,7
notosansadlamunjoined,1
londrinasketch,1
notonaskharabicui,1
cinzeldecorative,3
souliyo,1
metal,1
lemon,1
worksans,2
boogaloo,1
snowburstone,1
notoserifhk,1
notosansmro,1
monsieurladoulaise,1
notosansgeorgian,1
sharetechmono,1
gotu,1
anekodia,1
kumarone,1
patrickhand,1
leaguespartan,1
rokkitt,2
federant,1
frankruhllibre,1
itim,1
notoserifkhojki,1
sniglet,2
notosansmedefaidrin,1
dmserifdisplay,2
notosanssorasompeng,1
novamono,1
acme,1
glassantiqua,1
molle,1
stoke,2
notoserifbengali,1
sintony,2
castorotitling,1
macondoswashcaps,1
aubrey,1
giveyouglory,1
bungee,1
trainone,1
yujiboku,1
merienda,1
notosansgujarati,1
novaslim,1
urbanist,2
antic,1
quantico,4
yesteryear,1
vibur,1
shipporimincho,5
simonetta,4
praise,1
doppioone,1
windsong,2
pompiere,1
averiasanslibre,6
arima,1
bitter,2
notosanstagalog,1
notosanssymbols2,1
tomorrow,18
arsenal,4
italianno,1
ruslandisplay,1
charissil,4
lakkireddy,1
stick,1
zenloop,2
puritan,4
vollkornsc,4
atma,5
notoserifhebrew,1
waterfall,1
meowscript,1
notosanstelugu,1
anaheim,1
carroisgothicsc,1
concertone,1
padauk,2
licorice,1
rosario,2
hammersmithone,1
khand,5
baijamjuree,12
inriasans,6
underdog,1
estonia,1
librebarcodeean13text,1
notosanstaile,1
ptmono,1
climatecrisis,1
notosanshk,1
dmsans,6
almarai,4
aboreto,1
amstelvaralpha,1
ibmplexsansthailooped,7
radiocanada,2
coveredbyyourgrace,1
jetbrainsmono,2
nokora,5
fredoka,1
scada,4
oxanium,1
waterbrush,1
notosanscherokee,1
baloobhaina2,1
notoserifahom,1
ibmplexsanscondensed,14
nothingyoucoulddo,1
bhavuka,1
rubikmoonrocks,1
leaguegothic,1
uncialantiqua,1
lato,18
notosansmasaramgondi,1
notoseriforiya,1
comforterbrush,1
tirodevanagarihindi,2
yaldevi,1
rubikmonoone,1
adamina,1
babylonica,1
mochiypoppone,1
yuseimagic,1
lalezar,1
geostarfill,1
notosansethiopic,1
pragatinarrow,2
orbitron,1
fingerpaint,1
texturina,2
mplus2,1
germaniaone,1
mingzat,1
nobile,6
gajrajone,1
arbutusslab,1
notosanskaithi,1
librebarcode128text,1
slabo27px,1
notoserifnphmong,1
tauri,1
strong,1
harmattan,2
rubikmicrobe,1
longcang,1
lobster,1
spicyrice,1
mysoul,1
volkhov,4
zillaslabhighlight,2
stixtwotext,2
zenoldmincho,5
halant,5
cambay,4
gildadisplay,1
croissantone,1
overpass,2
graduate,1
sairacondensed,9
birthstone,1
caveatbrush,1
sansation,6
almendra,4
thenautigal,2
familjengrotesk,2
tirotelugu,2
notoserifdogra,1
kristi,1
solway,5
notosansmalayalam,1
imfelldwpicasc,1
vazirmatn,1
librebarcode39extendedtext,1
publicsans,2
cardo,3
signikasc,1
greyqo,1
montaguslab,1
keaniaone,1
parisienne,1
rubikwetpaint,1
sedgwickavedisplay,1
anton,1
kiwimaru,3
redhattext,2
gloock,1
archivoblack,1
postnobillsjaffna,6
encodesansexpanded,9
breeserif,1
barrio,1
saira,2
rubikstorm,1
juliussansone,1
astloch,2
notosanssaurashtra,1
exo,2
notosansolchiki,1
bebasneue,1
prociono,1
palettemosaic,1
fresca,1
jejugothic,1
gidugu,1
alumnisanspinstripe,2
dmseriftext,2
moulpali,1
patuaone,1
elmessiri,1
zenkakugothicnew,5
notosanskhudawadi,1
hanaleifill,1
amiriquran,1
hindmysuru,5
nanumgothiccoding,2
mali,12
gulzar,1
mrdafoe,1
shantellsans,2
ranga,2
notosanshanifirohingya,1
notosansoldturkic,1
drsugiyama,1
gugi,1
suravaram,1
hindguntur,5
recursive,1
caveat,1
notosanssharada,1
vastshadow,1
pangolin,1
delagothicone,1
imfellgreatprimer,2
markoone,1
bakbakone,1
rubikmarkerhatch,1
geo,2
notosanssymbols,1
aldrich,1
rubikbubbles,1
dohyeon,1
areyouserious,1
philosopher,4
mousememoirs,1
basic,1
anonymouspro,4
notosansbalinese,1
snippet,1
courgette,1
hankengrotesk,2
lexendtera,1
durusans,1
oranienbaum,1
notosanskhmerui,1
pollerone,1
esteban,1
notosanslaoui,1
notosanssiddham,1
kaiseitokumin,4
sofiasansextracondensed,2
notosansavestan,1
averiaseriflibre,6
ibmplexsanskr,7
wendyone,1
notosanschakma,1
notosanskannada,1
rhodiumlibre,1
notoseriftc,1
notosansbengaliui,1
notoserifkannada,1
lexendexa,1
bigshotone,1
yujihentaiganaakari,1
trocchi,1
rufina,2
shadowsintolight,1
meddon,1
taviraj,18
rubikspraypaint,1
chelseamarket,1
martianmono,1
rubikvinyl,1
gravitasone,1
encodesanssemicondensed,9
kodchasan,12
content,2
notosanssogdian,1
bilboswashcaps,1
allison,1
anuphan,1
comfortaa,1
quattrocentosans,4
sedgwickave,1
notosansshavian,1
kadwa,2
notosansugaritic,1
chokokutai,1
tirogurmukhi,2
balootamma2,1
rugeboogie,1
notosansinscriptionalparthian,1
tangerine,2
rubik80sfade,1
arefruqaaink,2
paprika,1
notosansoldnortharabian,1
notoseriftangut,1
pridi,6
amarante,1
merriweather,8
sixcaps,1
nototraditionalnushu,1
salsa,1
medievalsharp,1
imfellenglishsc,1
notosanslycian,1
tradewinds,1
averiagruesalibre,1
notosansimperialaramaic,1
arbutus,1
cairo,1
miltonian,1
taiheritagepro,2
synemono,1
unifrakturcook,1
braahone,1
notosanscoptic,1
miriamlibre,2
alkalami,1
yujihentaiganaakebono,1
ibmplexsans,14
baloo2,1
notosansoldhungarian,1
meaculpa,1
grenzegotisch,1
museomoderno,2
adobeblank,1
vampiroone,1
firasansextracondensed,18
fugazone,1
muktamahee,7
federo,1
overlocksc,1
rubikburned,1
spectral,14
jockeyone,1
sulphurpoint,3
anektelugu,1
lobstertwo,4
b612,4
amita,2
arya,2
medulaone,1
mochiypopone,1
wireone,1
spirax,1
notosansphoenician,1
notosansnushu,1
kaushanscript,1
nunitosans,2
aksarabaligalang,1
edusabeginner,1
otomanopeeone,1
smoochsans,1
cutefont,1
rubikglitch,1
vt323,1
galindo,1
ole,1
anektamil,1
agdasima,2
unifrakturmaguntia,1
arizonia,1
yantramanav,6
cuprum,2
tharlon,1
lustria,1
notosanssundanese,1
chelaone,1
blackandwhitepicture,1
yrsa,2
pecita,1
bayon,1
notosansoldpermic,1
notosanspaucinhau,1
digitalnumbers,1
zcoolkuaile,1
alice,1
gruppo,1
chenla,1
notosansoriyaui,4
notosanssc,1
notosanswarangciti,1
tsukimirounded,5
notoserifarmenian,1
notosansrejang,1
alatsi,1
azeretmono,2
zendots,1
shipporiminchob1,5
montecarlo,1
notosanszanabazarsquare,1
sono,1
galdeano,1
buda,1
cormorantupright,5
unna,4
hennypenny,1
heptaslab,1
taprom,1
karla,2
limelight,1
fragmentmono,2
iceberg,1
arapey,2
shalimar,1
aleo,6
notosansvai,1
titanone,1
convergence,1
secularone,1
ralewaydots,1
courierprime,4
ponnala,1
kolkerbrush,1
librebarcode39,1
handjet,1
rubikdistressed,1
notoserifsinhala,1
fondamento,2
yatraone,1
notosanselbasan,1
wallpoet,1
monomaniacone,1
hindcolombo,5
magra,2
novaflat,1
blaka,1
firasanscondensed,18
macondo,1
notosanslydian,1
epilogue,2
cabin,2
flavors,1
battambang,5
londrinashadow,1
palanquindark,4
librebarcode39extended,1
emblemaone,1
rozhaone,1
ericaone,1
notoseriftelugu,1
notoserifmyanmar,9
librecaslontext,2
ribeyemarrow,1
asapcondensed,16
sansita,8
inconsolata,83
notosansmarchen,1
dosis,1
notosanshebrew,1
titilliumweb,11
notosansosage,1
mirza,4
alef,2
tirobangla,2
montaga,1
glegoo,2
portlligatsans,1
aguafinascript,1
sail,1
engagement,1
spinnaker,1
gloriahallelujah,1
laomuangdon,1
kaiseiharunoumi,3
rocknrollone,1
cherrybombone,1
marckscript,1
phudu,1
cormorantunicase,5
bizudgothic,2
orienta,1
homenaje,1
mrdehaviland,1
notosansmyanmar,1
zhimangxing,1
voces,1
novascript,1
piedra,1
forum,1
readexpro,1
enriqueta,4
notoseriftamil,2
eaglelake,1
notosansbamum,1
revalia,1
lilyscriptone,1
questrial,1
baloothambi2,1
qahiri,1
bizudpgothic,2
loveyalikeasister,1
dongle,3
flowblock,1
trispace,1
merriweathersans,2
kavoon,1
risque,1
shortstack,1
muktamalar,7
notosanssinhala,1
karma,5
bonbon,1
dynapuff,1
vibes,1
encodesanssemiexpanded,9
meiescript,1
khula,5
lavishlyyours,1
changa,1
ibmplexserif,14
happymonkey,1
alike,1
zcoolqingkehuangyou,1
michroma,1
bungeeinline,1
inter,1
unicaone,1
abrilfatface,1
felipa,1
updock,1
angkor,1
nunito,2
lacquer,1
andika,4
deliusunicase,2
asar,1
blakahollow,1
modernantiqua,1
b612mono,4
anekgurmukhi,1
missfajardose,1
inknutantiqua,7
nats,1
sansitaswashed,1
bethellen,1
sancreek,1
ewert,1
chango,1
telex,1
nuosusil,1
oswald,1
gorditas,2
ptsans,4
neuton,6
mavenpro,1
alegreyasc,10
puppiesplay,1
lekton,3
anybody,2
mpluscodelatin,1
dmmono,6
hahmlet,1
handlee,1
prostoone,1
notosanssamaritan,1
notosansarabicui,1
domine,1
notosansmyanmarui,9
notosanspsalterpahlavi,1
luxuriousscript,1
bigshouldersinlinetext,1
anekmalayalam,1
dorsa,1
gaegu,3
nicomoji,1
kellyslab,1
tirodevanagarisanskrit,2
notosansbuhid,1
audiowide,1
silkscreen,2
hind,5
newtegomin,1
rubikdirt,1
caesardressing,1
varta,1
bizudpmincho,2
sura,2
atkinsonhyperlegible,4
odormeanchey,1
alfaslabone,1
rammettoone,1
staatliches,1
librebodoni,2
mynerve,1
nosifer,1
prompt,18
griffy,1
podkovavfbeta,1
ptserif,4
tirodevanagarimarathi,2
coustard,2
mansalva,1
karantina,3
ruluko,1
bizudmincho,2
tenaliramakrishna,1
oldstandardtt,3
notosansjp,1
notosansduployan,1
ibarrarealnova,2
lexendzetta,1
ramabhadra,1
corben,2
oxygenmono,1
notosanslineara,1
ibmplexsansarabic,7
didactgothic,1
moolahlah,1
zenmarugothic,5
jomolhari,1
smythe,1
chilanka,1
exo2,2
chivo,2
righteous,1
mada,7
poltawskinowy,2
suranna,1
turretroad,6
megrim,1
notokufiarabic,1
corinthia,2
grandstander,2
metrophobic,1
liujianmaocao,1
sarala,2
novasquare,1
notosanstagbanwa,1
nanumpenscript,1
bowlbyone,1
fuzzybubbles,2
oregano,2
rosarivo,2
khmer,1
inspiration,1
notosansnewtailue,1
alexandria,1
darumadropone,1
ysabeau,2
jura,1
kapakana,1
hannari,1
wixmadefortext,12
notoserifgurmukhi,1
reeniebeanie,1
anekbangla,1
sumana,2
dotgothic16,1
slabo13px,1
sawarabimincho,1
allertastencil,1
zcoolxiaowei,1
fascinateinline,1
caudex,4
baloochettan2,1
notosansbuginese,1
fasthand,1
imfellfrenchcanon,2
playfairdisplaysc,6
asul,2
bungeeoutline,1
notoserifmalayalam,1
jotione,1
piazzolla,2
zenantique,1
kleeone,2
athiti,6
bigshouldersinlinedisplay,1
majormonodisplay,1
gamjaflower,1
sourcesans3,2
stylescript,1
suwannaphum,5
bowlbyonesc,1
robotoserif,2
rowdies,3
mrbedfort,1
notosansmultani,1
muktavaani,7
notoserifdevanagari,1
cherryswash,2
ibmplexmono,14
ingriddarling,1
notosanstirhuta,1
sticknobills,1
shipporiantique,1
faunaone,1
supermercadoone,1
thabit,4
redacted,1
genos,2
shadowsintolighttwo,1
festive,1
tenorsans,1
bellota,6
reemkufi,1
fenix,1
zillaslab,10
notosanskayahli,1
notosanskhmer,1
wixmadefordisplay,1
copse,1
qwigley,1
freehand,1
goudybookletter1911,1
carterone,1
pathwaygothicone,1
notoserifgeorgian,1
notoseriftibetan,1
emilyscandy,1
cormorantinfant,10
lifesavers,3
sofiasanscondensed,2
butcherman,1
pottaone,1
notosansthaana,1
sarpanch,6
zeyada,1
notocoloremojicompattest,1
justmeagaindownhere,1
notosansmalayalamui,1
kavivanar,1
notosanssylotinagri,1
cambo,1
galada,1
signika,1
notosansteluguui,1
reemkufifun,1
biorhyme,5
peddana,1
pontanosans,1
notable,1
vollkorn,2
manrope,1
darkergrotesque,7
skranji,2
daysone,1
marvel,4
charmonman,2
josefinslab,2
oleoscriptswashcaps,2
rubik,2
notosansnko,1
mysteryquest,1
ballet,1
davidlibre,3
odibeesans,1
anekkannada,1
nosifercaps,1
fanwoodtext,2
notosansoldpersian,1
notosansinscriptionalpahlavi,1
rokkittvfbeta,1
notosansegyptianhieroglyphs,1
rubikone,1
poiretone,1
eczar,1
montserrat,2
bahianita,1
notosansdevanagari,1
mohave,2
siemreap,1
freckleface,1
akayakanadaka,1
podkova,1
euphoriascript,1
notoserifkr,1
kohsantepheap,5
karlatamilinclined,2
junge,1
notosansmahajani,1
chonburi,1
notosansgujaratiui,9
abhayalibre,5
newsreader,2
hanna,1
karlatamilupright,2
economica,4
kufam,2
gentiumplus,4
notosanselymaic,1
sawarabigothic,1
herrvonmuellerhoff,1
portersansblock,1
notosanskannadaui,1
archivo,2
bigshouldersstenciltext,1
rubikpixels,1
archivonarrow,2
notosansgrantha,1
hachimarupop,1
sedan,2
ebgaramond,2
flowrounded,1
eduqldbeginner,1
textmeone,1
gowundodum,1
fahkwang,12
notosans,18
uchen,1
charm,2
decovaralpha,1
imperialscript,1
alata,1
oldenburg,1
yeonsung,1
gothica1,9
cookie,1
hindsiliguri,5
matesc,1
vidaloka,1
niconne,1
balooda2,1
notosansogham,1
vujahdayscript,1
rampartone,1
gideonroman,1
petitformalscript,1
kanit,18
orelegaone,1
asapvfbeta,3
koulen,1
librecaslondisplay,1
alegreyasanssc,14
barriecito,1
lora,2
notosanspalmyrene,1
seoulnamsancondensed,5
notosanscaucasianalbanian,1
unlock,1
spacemono,4
rakkas,1
spacegrotesk,1
notosansoldsogdian,1
notosanspahawhhmong,1
plaster,1
syne,1
bellefair,1
pacifico,1
notosanssoyombo,1
russoone,1
alikeangular,1
tillana,5
greatvibes,1
rubikgemstones,1
chathura,5
notosanslimbu,1
belgrano,1
bevan,2
overtherainbow,1
carme,1
stintultracondensed,1
dokdo,1
notosanssinhalaui,1
goldman,2
margarine,1
rubikbeastly,1
amethysta,1
pinyonscript,1
bonanova,3
gemunulibre,1
clickerscript,1
catamaran,1
blackopsone,1
cantoraone,1
meerainimai,1
arefruqaa,2
blinker,8
frederickathegreat,1
notosansmongolian,1
notorashihebrew,1
sarina,1
belleza,1
gantari,2
amiriqurancolored,1
sen,3
notosanskr,1
notosansgothic,1
notoserifgujarati,1
notosansnewa,1
italiana,1
hinamincho,1
balsamiqsans,4
baloopaaji2,1
notoserifgrantha,1
prozalibre,10
twinklestar,1
diplomatasc,1
badscript,1
cormorantsc,5
julee,1
imfelldoublepicasc,1
eduvicwantbeginner,1
notoserifjp,1
hindmadurai,5
patrickhandsc,1
yinmar,1
tiltneon,1
ropasans,2
reemkufiink,1
fjallaone,1
gabriela,1
thegirlnextdoor,1
anticdidone,1
marmelad,1
bodonimoda,2
solitreo,1
k2d,16
kopubbatang,3
londrinaoutline,1
rye,1
redrose,1
condiment,1
cormorant,2
padyakkeexpandedone,1
notomusic,1
lexenddeca,1
cevicheone,1
miama,1
mogra,1
artifika,1
ibmplexsansthai,7
ruserius,1
notosanstamilui,1
mulish,2
songmyung,1
monda,2
notocoloremoji,1
notoserif,4
lexendgiga,1
lilitaone,1
ibmplexsanshebrew,7
kameron,2
bigshoulderstext,1
notosansmayannumerals,1
nanumbrushscript,1
kaiseidecol,3
miltoniantattoo,1
labelleaurore,1
flowcircular,1
headlandone,1
notosansnabataean,1
delius,1
viga,1
montserratalternates,18
tiltwarp,1
notosanstamil,1
notosansadlam,1
fruktur,2
play,2
mplus1,1
manjari,3
hurricane,1
poorstory,1
foldit,1
capriola,1
grenze,18
sofiasans,2
brunoacesc,1
notosansnko_todelist,1
notoserifyezidi,1
notosanscarian,1
electrolize,1
redhatdisplay,2
elsieswashcaps,2
bubblerone,1
butterflykids,1
holtwoodonesc,1
kiranghaerang,1
judson,3
modak,1
jomhuria,1
petrona,2
roadrage,1
portlligatslab,1
birthstonebounce,2
imfelldwpica,2
jollylodger,1
tienne,3
kenia,1
bangers,1
ephesis,1
leaguescript,1
nanumgothic,3
joan,1
rubikmaze,1
livvic,16
baloobhaijaan2,1
tirokannada,2
ptsanscaption,2
notosansbatak,1
oi,1
yujimai,1
mplus1code,1
notosanslepcha,1
racingsansone,1
hermeneusone,1
bigshouldersdisplay,1
yanonekaffeesatz,1
notoserifethiopic,1
allan,2
leckerlione,1
faustina,2
notosansglagolitic,1
tirotamil,2
marcellus,1
georama,2
rasa,2
notonastaliqurdu,1
overpassmono,1
robotoflex,1
singleday,1
markazitext,1
amaranth,4
deliusswashcaps,1
alegreya,2
bungeehairline,1
beaurivage,1
dellarespira,1
lexendpeta,1
coiny,1
schibstedgrotesk,2
bubblegumsans,1
yesevaone,1
combo,1
pressstart2p,1
commissioner,1
quattrocento,2
passionsconflict,1
notosansgunjalagondi,1
gfsneohellenic,4
fuggles,1
francoisone,1
metamorphous,1
notosanstifinagh,1
msmadi,1
konkhmersleokchher,1
notosansmanichaean,1
librefranklin,2
notosanslisu,1
sahitya,2
sigmarone,1
stixtwomath,1
neonderthaw,1
tapestry,1
lovedbytheking,1
notosanshanunoo,1
gurajada,1
seaweedscript,1
cedarvillecursive,1
ruda,1
comme,1
trirong,18
gowunbatang,2
lohittamil,1
koho,12
raviprakash,1
actor,1
gfsdidot,1
sometypemono,6
shanti,1
monoton,1
nabla,1
ibmplexsansdevanagari,7
gluten,1
bilbo,1
quintessential,1
poppins,18
mitr,6
encodesanscondensed,9
stardosstencil,2
sourceserif4,2
jacquesfrancoisshadow,1
kokoro,1
akronim,1
josefinsans,2
notoserifkhmer,1
molengo,1
notosansdevanagariui,9
notosansmono,1
dynalight,1
vinasans,1
jacquesfrancois,1
passionone,3
literata,2
lindenhill,2
notosansoldsoutharabian,1
paytoneone,1
coda,2
notosansbassavah,1
firamono,3
tajawal,7
gelasio,8
allura,1
ranchers,1
notosansgurmukhiui,1
smooch,1
slacksideone,1
jua,1
notoserifbalinese,1
bevietnampro,18
glory,2
aneklatin,1
rationale,1
bungeespice,1
kantumruypro,2
pathwayextreme,2
bungeecolor,1
phetsarath,2
elsie,2
bellotatext,6
sourcesanspro,12
mergeone,1
notosansmeeteimayek,1
monofett,1
novaround,1
gayathri,3
notosanssignwriting,1
shojumaru,1
notosansmeroitic,1
notosansmiao,1
notosansmodi,1
notosansarabic,1
miniver,1
lancelot,1
khyay,1
contrailone,1
average,1
anekgujarati,1
heebo,1
girassol,1
akatab,6
barlow,18
notosansarmenian,1
notosansmandaic,1
bigelowrules,1
plusjakartasans,2
expletussans,2
lexend,1
baskervville,2
mate,2
maitree,6
seoulnamsan,4
mavenprovfbeta,1
dhurjati,1
ptserifcaption,2
imprima,1
raleway,2
cutivemono,1
kreon,1
antonio,1
golostext,1
pavanam,1
sourceserifpro,12
sofia,1
arvo,4
edunswactfoundation,1
markazitextvfbeta,1
notosansindicsiyaqnumbers,1
originalsurfer,1
oleoscript,2
nerkoone,1
benne,1
synetactile,1
stalinistone,1
warnes,1
besley,2
timmana,1
sendflowers,1
notonaskharabic,1
jost,2
zenkurenaido,1
princesssofia,1
inriaserif,6
ptsansnarrow,2
ramaraja,1
sunflower,3
sonsieone,1
myanmarsanspro,1
tiltprism,1
farsan,1
notosansdeseret,1
whisper,1
petemoss,1
swankyandmoomoo,1
milonga,1
poly,2
notosanswancho,1
amaticsc,2
postnobillscolombo,6
librebarcode128,1
sanchez,2
berkshireswash,1
sortsmillgoudy,2
zenantiquesoft,1
reggaeone,1
notosanstakri,1
sueellenfrancisco,1
amiri,4
narnoor,1
bonheurroyale,1
share,4
iceland,1
blakaink,1
notosanscham,1
notosanskhojki,1
spectralsc,14
bahiana,1
opensans,2
sirinstencil,1
notosanstaitham,1
instrumentserif,2
notosansolditalic,1
notosansbrahmi,1
fascinate,1
donegalone,1
carroisgothic,1
noticiatext,4
notosansyi,1
======,custom-fonts,=======
spotify-font,128
Quicksand,6
product-sans,4
janson-ssi,4
helvetica-neue,6
Lato,10
adobe-garamond-pro,52
arial,7
sansation,6
futura,31
Inconsolata,73
capture-it,2
Nunito,18
gotham-rounded,106
eb-garamond,12
montserrat,20
helvetica,28
Open_Sans,38
centrano1-and-no2-font,32
Roboto,12
Pacifico,1
palatino,2
yahoo-font,1
Libre_Baskerville,3
Raleway,20
amatic-sc,2
latin-font-family,===
